hotel_id,country,region,resort_type,room_type,hotel_size_rooms,month,is_school_holiday,is_weekend,days_to_christmas,rate_eur_per_night,is_premium,log_rate,rate_flag_extreme
amanzoe,Greece,Europe,beach,Deluxe Room,38.0,1,0,0,345,1140.0,0,7.039660349862076,0
amanzoe,Greece,Europe,beach,Deluxe Room,38.0,2,1,0,315,1260.0,0,7.13966033596492,0
amanzoe,Greece,Europe,beach,Deluxe Room,38.0,3,0,0,280,1110.0,0,7.01301578963963,0
amanzoe,Greece,Europe,beach,Deluxe Room,38.0,4,1,0,251,910.0,0,6.814542897259958,0
amanzoe,Greece,Europe,beach,Deluxe Room,38.0,5,0,0,229,2560.0,0,7.848153086199526,0
amanzoe,Greece,Europe,beach,Deluxe Room,38.0,6,0,0,180,4000.0,1,8.294299608857235,0
amanzoe,Greece,Europe,beach,Deluxe Room,38.0,7,1,0,160,4020.0,1,8.299285906897275,0
amanzoe,Greece,Europe,beach,Deluxe Room,38.0,8,1,1,137,3730.0,1,8.224431573221159,0
amanzoe,Greece,Europe,beach,Deluxe Room,38.0,10,0,1,81,2480.0,0,7.816416983691801,0
amanzoe,Greece,Europe,beach,Deluxe Room,38.0,12,1,0,2,1690.0,0,7.43307534889858,0
amanzoe,Greece,Europe,beach,Superior Room,38.0,1,0,0,345,1330.0,0,7.193685818395112,0
amanzoe,Greece,Europe,beach,Superior Room,38.0,2,1,0,315,1470.0,0,7.293697720601438,0
amanzoe,Greece,Europe,beach,Superior Room,38.0,3,0,0,280,1170.0,0,7.065613363597717,0
amanzoe,Greece,Europe,beach,Superior Room,38.0,4,1,0,251,1500.0,0,7.313886831633462,0
amanzoe,Greece,Europe,beach,Superior Room,38.0,5,0,0,229,3110.0,1,8.042699496897637,0
amanzoe,Greece,Europe,beach,Superior Room,38.0,6,0,0,180,5190.0,1,8.55468163582723,0
amanzoe,Greece,Europe,beach,Superior Room,38.0,7,1,0,160,4800.0,1,8.476579508530941,0
amanzoe,Greece,Europe,beach,Superior Room,38.0,8,1,1,137,5910.0,1,8.684570300824369,0
amanzoe,Greece,Europe,beach,Superior Room,38.0,10,0,1,81,3340.0,1,8.114025442356757,0
amanzoe,Greece,Europe,beach,Superior Room,38.0,12,1,0,2,1770.0,0,7.479299637782834,0
amanzoe,Greece,Europe,beach,Junior Suite,38.0,1,0,0,345,1630.0,0,7.396948602621014,0
amanzoe,Greece,Europe,beach,Junior Suite,38.0,2,1,0,315,2340.0,0,7.75833346749091,0
amanzoe,Greece,Europe,beach,Junior Suite,38.0,3,0,0,280,2100.0,0,7.650168700845001,0
amanzoe,Greece,Europe,beach,Junior Suite,38.0,4,1,0,251,1730.0,0,7.456454555176209,0
amanzoe,Greece,Europe,beach,Junior Suite,38.0,5,0,0,229,3960.0,1,8.284251797621916,0
amanzoe,Greece,Europe,beach,Junior Suite,38.0,6,0,0,180,6610.0,1,8.796490207333578,0
amanzoe,Greece,Europe,beach,Junior Suite,38.0,7,1,0,160,6240.0,1,8.738895704934043,0
amanzoe,Greece,Europe,beach,Junior Suite,38.0,8,1,1,137,6550.0,1,8.787372988731876,0
amanzoe,Greece,Europe,beach,Junior Suite,38.0,10,0,1,81,4130.0,1,8.326274787396764,0
amanzoe,Greece,Europe,beach,Junior Suite,38.0,12,1,0,2,2780.0,0,7.930565854233965,0
amanzoe,Greece,Europe,beach,Suite,38.0,1,0,0,345,2670.0,0,7.890208213109961,0
amanzoe,Greece,Europe,beach,Suite,38.0,2,1,0,315,2890.0,0,7.969357742016346,0
amanzoe,Greece,Europe,beach,Suite,38.0,3,0,0,280,2750.0,0,7.919719760924575,0
amanzoe,Greece,Europe,beach,Suite,38.0,4,1,0,251,2420.0,0,7.791935956938058,0
amanzoe,Greece,Europe,beach,Suite,38.0,5,0,0,229,5340.0,1,8.58316818033977,0
amanzoe,Greece,Europe,beach,Suite,38.0,6,0,0,180,9450.0,1,9.153875834995056,0
amanzoe,Greece,Europe,beach,Suite,38.0,7,1,0,160,8460.0,1,9.0432226489245,0
amanzoe,Greece,Europe,beach,Suite,38.0,8,1,1,137,8830.0,1,9.086023537468803,0
amanzoe,Greece,Europe,beach,Suite,38.0,10,0,1,81,6380.0,1,8.761080103868347,0
amanzoe,Greece,Europe,beach,Suite,38.0,12,1,0,2,4100.0,1,8.31898612539206,0
amanzoe,Greece,Europe,beach,Grand Suite,38.0,1,0,0,345,3610.0,1,8.191740021277457,0
amanzoe,Greece,Europe,beach,Grand Suite,38.0,2,1,0,315,4190.0,1,8.340694647925071,0
amanzoe,Greece,Europe,beach,Grand Suite,38.0,3,0,0,280,3210.0,1,8.074337694089515,0
amanzoe,Greece,Europe,beach,Grand Suite,38.0,4,1,0,251,3850.0,1,8.25608813381491,0
amanzoe,Greece,Europe,beach,Grand Suite,38.0,5,0,0,229,8100.0,1,8.999742789830492,0
amanzoe,Greece,Europe,beach,Grand Suite,38.0,6,0,0,180,13470.0,1,9.508294505698569,0
amanzoe,Greece,Europe,beach,Grand Suite,38.0,7,1,0,160,14000.0,1,9.546884034617925,0
amanzoe,Greece,Europe,beach,Grand Suite,38.0,8,1,1,137,14600.0,1,9.588845298501564,0
amanzoe,Greece,Europe,beach,Grand Suite,38.0,10,0,1,81,8670.0,1,9.06773940337716,0
amanzoe,Greece,Europe,beach,Grand Suite,38.0,12,1,0,2,4460.0,1,8.403128235128264,0
amanzoe,Greece,Europe,beach,Presidential Suite,38.0,1,0,0,345,4940.0,1,8.50532301884575,0
amanzoe,Greece,Europe,beach,Presidential Suite,38.0,2,1,0,315,6480.0,1,8.776630098427717,0
amanzoe,Greece,Europe,beach,Presidential Suite,38.0,3,0,0,280,4980.0,1,8.513385953073284,0
amanzoe,Greece,Europe,beach,Presidential Suite,38.0,4,1,0,251,4680.0,1,8.45126704130007,0
amanzoe,Greece,Europe,beach,Presidential Suite,38.0,5,0,0,229,11550.0,1,9.35452729228868,0
amanzoe,Greece,Europe,beach,Presidential Suite,38.0,6,0,0,180,18940.0,1,9.849084163656741,0
amanzoe,Greece,Europe,beach,Presidential Suite,38.0,7,1,0,160,20400.0,1,9.923339198238729,0
amanzoe,Greece,Europe,beach,Presidential Suite,38.0,8,1,1,137,21680.0,1,9.98419157995109,0
amanzoe,Greece,Europe,beach,Presidential Suite,38.0,10,0,1,81,13250.0,1,9.491828300264636,0
amanzoe,Greece,Europe,beach,Presidential Suite,38.0,12,1,0,2,8060.0,1,8.9947928972836,0
le_sirenuse,Italy,Europe,city,Deluxe Room,58.0,1,0,0,345,560.0,0,6.329720905522696,0
le_sirenuse,Italy,Europe,city,Deluxe Room,58.0,2,1,0,315,700.0,0,6.55250788703459,0
le_sirenuse,Italy,Europe,city,Deluxe Room,58.0,3,0,0,280,660.0,0,6.493753839851686,0
le_sirenuse,Italy,Europe,city,Deluxe Room,58.0,4,1,0,251,590.0,0,6.3818160174060985,0
le_sirenuse,Italy,Europe,city,Deluxe Room,58.0,5,0,0,229,1850.0,0,7.523481312573497,0
le_sirenuse,Italy,Europe,city,Deluxe Room,58.0,6,0,0,180,2980.0,0,8.000014093678072,0
le_sirenuse,Italy,Europe,city,Deluxe Room,58.0,7,1,0,160,3330.0,1,8.11102783819368,0
le_sirenuse,Italy,Europe,city,Deluxe Room,58.0,8,1,1,137,3340.0,1,8.114025442356757,0
le_sirenuse,Italy,Europe,city,Deluxe Room,58.0,10,0,1,81,1910.0,0,7.555381944240273,0
le_sirenuse,Italy,Europe,city,Deluxe Room,58.0,12,1,0,2,840.0,0,6.734591659972948,0
le_sirenuse,Italy,Europe,city,Superior Room,58.0,1,0,0,345,760.0,0,6.634633357861686,0
le_sirenuse,Italy,Europe,city,Superior Room,58.0,2,1,0,315,1220.0,0,7.107425474110705,0
le_sirenuse,Italy,Europe,city,Superior Room,58.0,3,0,0,280,920.0,0,6.825460036255307,0
le_sirenuse,Italy,Europe,city,Superior Room,58.0,4,1,0,251,800.0,0,6.68586094706836,0
le_sirenuse,Italy,Europe,city,Superior Room,58.0,5,0,0,229,2650.0,0,7.8826922062890254,0
le_sirenuse,Italy,Europe,city,Superior Room,58.0,6,0,0,180,4390.0,1,8.387312270561717,0
le_sirenuse,Italy,Europe,city,Superior Room,58.0,7,1,0,160,4340.0,1,8.375860015299594,0
le_sirenuse,Italy,Europe,city,Superior Room,58.0,8,1,1,137,4320.0,1,8.371242135931933,0
le_sirenuse,Italy,Europe,city,Superior Room,58.0,10,0,1,81,2410.0,0,7.787796878181171,0
le_sirenuse,Italy,Europe,city,Superior Room,58.0,12,1,0,2,1160.0,0,7.057036981697891,0
le_sirenuse,Italy,Europe,city,Junior Suite,58.0,1,0,0,345,1090.0,0,6.994849985833071,0
le_sirenuse,Italy,Europe,city,Junior Suite,58.0,2,1,0,315,1340.0,0,7.201170883281678,0
le_sirenuse,Italy,Europe,city,Junior Suite,58.0,3,0,0,280,1290.0,0,7.1631723908466425,0
le_sirenuse,Italy,Europe,city,Junior Suite,58.0,4,1,0,251,1260.0,0,7.13966033596492,0
le_sirenuse,Italy,Europe,city,Junior Suite,58.0,5,0,0,229,3390.0,1,8.128880142125638,0
le_sirenuse,Italy,Europe,city,Junior Suite,58.0,6,0,0,180,5520.0,1,8.616314282284044,0
le_sirenuse,Italy,Europe,city,Junior Suite,58.0,7,1,0,160,5740.0,1,8.655388690167637,0
le_sirenuse,Italy,Europe,city,Junior Suite,58.0,8,1,1,137,6120.0,1,8.71948076085107,0
le_sirenuse,Italy,Europe,city,Junior Suite,58.0,10,0,1,81,3130.0,1,8.049107721326406,0
le_sirenuse,Italy,Europe,city,Junior Suite,58.0,12,1,0,2,1440.0,0,7.273092595999522,0
le_sirenuse,Italy,Europe,city,Suite,58.0,1,0,0,345,1510.0,0,7.32052696227274,0
le_sirenuse,Italy,Europe,city,Suite,58.0,2,1,0,315,1580.0,0,7.365812837209472,0
le_sirenuse,Italy,Europe,city,Suite,58.0,3,0,0,280,1640.0,0,7.403061091090091,0
le_sirenuse,Italy,Europe,city,Suite,58.0,4,1,0,251,1430.0,0,7.266128779556451,0
le_sirenuse,Italy,Europe,city,Suite,58.0,5,0,0,229,4840.0,1,8.484876589939695,0
le_sirenuse,Italy,Europe,city,Suite,58.0,6,0,0,180,7800.0,1,8.962007209588313,0
le_sirenuse,Italy,Europe,city,Suite,58.0,7,1,0,160,7440.0,1,8.914760527397261,0
le_sirenuse,Italy,Europe,city,Suite,58.0,8,1,1,137,8070.0,1,8.996032669324372,0
le_sirenuse,Italy,Europe,city,Suite,58.0,10,0,1,81,5190.0,1,8.55468163582723,0
le_sirenuse,Italy,Europe,city,Suite,58.0,12,1,0,2,2300.0,0,7.741099090035366,0
le_sirenuse,Italy,Europe,city,Grand Suite,58.0,1,0,0,345,2320.0,0,7.749753406274437,0
le_sirenuse,Italy,Europe,city,Grand Suite,58.0,2,1,0,315,2880.0,0,7.9658927350845286,0
le_sirenuse,Italy,Europe,city,Grand Suite,58.0,3,0,0,280,2380.0,0,7.7752758464868625,0
le_sirenuse,Italy,Europe,city,Grand Suite,58.0,4,1,0,251,2310.0,0,7.745435610274381,0
le_sirenuse,Italy,Europe,city,Grand Suite,58.0,5,0,0,229,6170.0,1,8.727616178321068,0
le_sirenuse,Italy,Europe,city,Grand Suite,58.0,6,0,0,180,10820.0,1,9.289243969571649,0
le_sirenuse,Italy,Europe,city,Grand Suite,58.0,7,1,0,160,11250.0,1,9.328212292571072,0
le_sirenuse,Italy,Europe,city,Grand Suite,58.0,8,1,1,137,11410.0,1,9.34233308143468,0
le_sirenuse,Italy,Europe,city,Grand Suite,58.0,10,0,1,81,7570.0,1,8.932080438103307,0
le_sirenuse,Italy,Europe,city,Grand Suite,58.0,12,1,0,2,3020.0,1,8.013343181386672,0
le_sirenuse,Italy,Europe,city,Presidential Suite,58.0,1,0,0,345,3030.0,1,8.016647877057803,0
le_sirenuse,Italy,Europe,city,Presidential Suite,58.0,2,1,0,315,4160.0,1,8.333510708982942,0
le_sirenuse,Italy,Europe,city,Presidential Suite,58.0,3,0,0,280,3630.0,1,8.197263371414335,0
le_sirenuse,Italy,Europe,city,Presidential Suite,58.0,4,1,0,251,3710.0,1,8.219056661060598,0
le_sirenuse,Italy,Europe,city,Presidential Suite,58.0,5,0,0,229,10180.0,1,9.228278517107196,0
le_sirenuse,Italy,Europe,city,Presidential Suite,58.0,6,0,0,180,15330.0,1,9.637632201310455,0
le_sirenuse,Italy,Europe,city,Presidential Suite,58.0,7,1,0,160,18020.0,1,9.79929302351827,0
le_sirenuse,Italy,Europe,city,Presidential Suite,58.0,8,1,1,137,16260.0,1,9.696524881825722,0
le_sirenuse,Italy,Europe,city,Presidential Suite,58.0,10,0,1,81,10290.0,1,9.239025005836092,0
le_sirenuse,Italy,Europe,city,Presidential Suite,58.0,12,1,0,2,5890.0,1,8.681181041521688,0
cheval_blanc_randheli,Maldives,Asia,island,Deluxe Room,46.0,1,0,0,345,7230.0,1,8.886132618174951,0
cheval_blanc_randheli,Maldives,Asia,island,Deluxe Room,46.0,2,1,0,315,9350.0,1,9.143238568435446,0
cheval_blanc_randheli,Maldives,Asia,island,Deluxe Room,46.0,3,0,0,280,7520.0,1,8.925454386826402,0
cheval_blanc_randheli,Maldives,Asia,island,Deluxe Room,46.0,4,1,0,251,4370.0,1,8.382747094863314,0
cheval_blanc_randheli,Maldives,Asia,island,Deluxe Room,46.0,5,0,0,229,2380.0,0,7.7752758464868625,0
cheval_blanc_randheli,Maldives,Asia,island,Deluxe Room,46.0,6,0,0,180,1870.0,0,7.534228326274089,0
cheval_blanc_randheli,Maldives,Asia,island,Deluxe Room,46.0,7,1,0,160,1790.0,0,7.490529402060711,0
cheval_blanc_randheli,Maldives,Asia,island,Deluxe Room,46.0,8,1,1,137,2250.0,0,7.719129840906732,0
cheval_blanc_randheli,Maldives,Asia,island,Deluxe Room,46.0,10,0,1,81,5400.0,1,8.594339400592892,0
cheval_blanc_randheli,Maldives,Asia,island,Deluxe Room,46.0,12,1,0,2,12680.0,1,9.447860089234899,0
cheval_blanc_randheli,Maldives,Asia,island,Superior Room,46.0,1,0,0,345,9790.0,1,9.189218875354072,0
cheval_blanc_randheli,Maldives,Asia,island,Superior Room,46.0,2,1,0,315,11420.0,1,9.343209045050607,0
cheval_blanc_randheli,Maldives,Asia,island,Superior Room,46.0,3,0,0,280,10070.0,1,9.217415285648144,0
cheval_blanc_randheli,Maldives,Asia,island,Superior Room,46.0,4,1,0,251,5830.0,1,8.670943791222156,0
cheval_blanc_randheli,Maldives,Asia,island,Superior Room,46.0,5,0,0,229,2370.0,0,7.771067086065406,0
cheval_blanc_randheli,Maldives,Asia,island,Superior Room,46.0,6,0,0,180,2930.0,0,7.983098940710892,0
cheval_blanc_randheli,Maldives,Asia,island,Superior Room,46.0,7,1,0,160,2510.0,0,7.828436359157585,0
cheval_blanc_randheli,Maldives,Asia,island,Superior Room,46.0,8,1,1,137,3240.0,1,8.083637203141548,0
cheval_blanc_randheli,Maldives,Asia,island,Superior Room,46.0,10,0,1,81,6000.0,1,8.699681400989514,0
cheval_blanc_randheli,Maldives,Asia,island,Superior Room,46.0,12,1,0,2,12280.0,1,9.415808631610384,0
cheval_blanc_randheli,Maldives,Asia,island,Junior Suite,46.0,1,0,0,345,13390.0,1,9.502338118495565,0
cheval_blanc_randheli,Maldives,Asia,island,Junior Suite,46.0,2,1,0,315,15930.0,1,9.676022175572895,0
cheval_blanc_randheli,Maldives,Asia,island,Junior Suite,46.0,3,0,0,280,12630.0,1,9.443909388773974,0
cheval_blanc_randheli,Maldives,Asia,island,Junior Suite,46.0,4,1,0,251,8530.0,1,9.051461866908694,0
cheval_blanc_randheli,Maldives,Asia,island,Junior Suite,46.0,5,0,0,229,4200.0,1,8.343077871169383,0
cheval_blanc_randheli,Maldives,Asia,island,Junior Suite,46.0,6,0,0,180,3660.0,1,8.205491613120236,0
cheval_blanc_randheli,Maldives,Asia,island,Junior Suite,46.0,7,1,0,160,3250.0,1,8.086717920303906,0
cheval_blanc_randheli,Maldives,Asia,island,Junior Suite,46.0,8,1,1,137,3240.0,1,8.083637203141548,0
cheval_blanc_randheli,Maldives,Asia,island,Junior Suite,46.0,10,0,1,81,8010.0,1,8.988570876215118,0
cheval_blanc_randheli,Maldives,Asia,island,Junior Suite,46.0,12,1,0,2,17610.0,1,9.776278985795086,0
cheval_blanc_randheli,Maldives,Asia,island,Suite,46.0,1,0,0,345,18700.0,1,9.83633227734872,0
cheval_blanc_randheli,Maldives,Asia,island,Suite,46.0,2,1,0,315,20670.0,1,9.936487030799237,0
cheval_blanc_randheli,Maldives,Asia,island,Suite,46.0,3,0,0,280,19090.0,1,9.856972298794659,0
cheval_blanc_randheli,Maldives,Asia,island,Suite,46.0,4,1,0,251,11560.0,1,9.355392643675321,0
cheval_blanc_randheli,Maldives,Asia,island,Suite,46.0,5,0,0,229,5390.0,1,8.592486175451668,0
cheval_blanc_randheli,Maldives,Asia,island,Suite,46.0,6,0,0,180,4430.0,1,8.39638057119949,0
cheval_blanc_randheli,Maldives,Asia,island,Suite,46.0,7,1,0,160,4420.0,1,8.394121193826242,0
cheval_blanc_randheli,Maldives,Asia,island,Suite,46.0,8,1,1,137,6020.0,1,8.703008637464448,0
cheval_blanc_randheli,Maldives,Asia,island,Suite,46.0,10,0,1,81,11270.0,1,9.329988334242078,0
cheval_blanc_randheli,Maldives,Asia,island,Suite,46.0,12,1,0,2,29490.0,1,10.29184041103433,1
cheval_blanc_randheli,Maldives,Asia,island,Grand Suite,46.0,1,0,0,345,25130.0,1,10.13185742282192,0
cheval_blanc_randheli,Maldives,Asia,island,Grand Suite,46.0,2,1,0,315,31430.0,1,10.355549946021075,1
cheval_blanc_randheli,Maldives,Asia,island,Grand Suite,46.0,3,0,0,280,26540.0,1,10.186445986151496,0
cheval_blanc_randheli,Maldives,Asia,island,Grand Suite,46.0,4,1,0,251,16580.0,1,9.716012740501373,0
cheval_blanc_randheli,Maldives,Asia,island,Grand Suite,46.0,5,0,0,229,6400.0,1,8.764209507142004,0
cheval_blanc_randheli,Maldives,Asia,island,Grand Suite,46.0,6,0,0,180,6480.0,1,8.776630098427717,0
cheval_blanc_randheli,Maldives,Asia,island,Grand Suite,46.0,7,1,0,160,7130.0,1,8.872206756028303,0
cheval_blanc_randheli,Maldives,Asia,island,Grand Suite,46.0,8,1,1,137,8990.0,1,9.103979355984773,0
cheval_blanc_randheli,Maldives,Asia,island,Grand Suite,46.0,10,0,1,81,19120.0,1,9.85854248649296,0
cheval_blanc_randheli,Maldives,Asia,island,Grand Suite,46.0,12,1,0,2,40040.0,1,10.597659208142261,1
cheval_blanc_randheli,Maldives,Asia,island,Presidential Suite,46.0,1,0,0,345,35240.0,1,10.469965456491996,1
cheval_blanc_randheli,Maldives,Asia,island,Presidential Suite,46.0,2,1,0,315,44020.0,1,10.692422071769268,1
cheval_blanc_randheli,Maldives,Asia,island,Presidential Suite,46.0,3,0,0,280,41320.0,1,10.629126124296002,1
cheval_blanc_randheli,Maldives,Asia,island,Presidential Suite,46.0,4,1,0,251,22610.0,1,10.026191792511579,0
cheval_blanc_randheli,Maldives,Asia,island,Presidential Suite,46.0,5,0,0,229,10970.0,1,9.30301070681749,0
cheval_blanc_randheli,Maldives,Asia,island,Presidential Suite,46.0,6,0,0,180,11230.0,1,9.326433090963036,0
cheval_blanc_randheli,Maldives,Asia,island,Presidential Suite,46.0,7,1,0,160,12130.0,1,9.40351943877092,0
cheval_blanc_randheli,Maldives,Asia,island,Presidential Suite,46.0,8,1,1,137,11880.0,1,9.382695764458287,0
cheval_blanc_randheli,Maldives,Asia,island,Presidential Suite,46.0,10,0,1,81,24720.0,1,10.115408363827857,0
cheval_blanc_randheli,Maldives,Asia,island,Presidential Suite,46.0,12,1,0,2,62700.0,1,11.046132675457146,1
bulgari_resort_bali,Indonesia,Asia,beach,Deluxe Room,59.0,1,0,0,345,700.0,0,6.55250788703459,0
bulgari_resort_bali,Indonesia,Asia,beach,Deluxe Room,59.0,2,1,0,315,740.0,0,6.608000625296087,0
bulgari_resort_bali,Indonesia,Asia,beach,Deluxe Room,59.0,3,0,0,280,770.0,0,6.647688373563329,0
bulgari_resort_bali,Indonesia,Asia,beach,Deluxe Room,59.0,4,1,0,251,780.0,0,6.660575149839686,0
bulgari_resort_bali,Indonesia,Asia,beach,Deluxe Room,59.0,5,0,0,229,620.0,0,6.431331081933479,0
bulgari_resort_bali,Indonesia,Asia,beach,Deluxe Room,59.0,6,0,0,180,1530.0,0,7.333676395657684,0
bulgari_resort_bali,Indonesia,Asia,beach,Deluxe Room,59.0,7,1,0,160,2850.0,0,7.955425088912672,0
bulgari_resort_bali,Indonesia,Asia,beach,Deluxe Room,59.0,8,1,1,137,2830.0,0,7.9483852851118995,0
bulgari_resort_bali,Indonesia,Asia,beach,Deluxe Room,59.0,10,0,1,81,700.0,0,6.55250788703459,0
bulgari_resort_bali,Indonesia,Asia,beach,Deluxe Room,59.0,12,1,0,2,4100.0,1,8.31898612539206,0
bulgari_resort_bali,Indonesia,Asia,beach,Superior Room,59.0,1,0,0,345,860.0,0,6.7580945044277305,0
bulgari_resort_bali,Indonesia,Asia,beach,Superior Room,59.0,2,1,0,315,920.0,0,6.825460036255307,0
bulgari_resort_bali,Indonesia,Asia,beach,Superior Room,59.0,3,0,0,280,790.0,0,6.673297967767654,0
bulgari_resort_bali,Indonesia,Asia,beach,Superior Room,59.0,4,1,0,251,800.0,0,6.68586094706836,0
bulgari_resort_bali,Indonesia,Asia,beach,Superior Room,59.0,5,0,0,229,830.0,0,6.7226297948554485,0
bulgari_resort_bali,Indonesia,Asia,beach,Superior Room,59.0,6,0,0,180,1990.0,0,7.596392304064196,0
bulgari_resort_bali,Indonesia,Asia,beach,Superior Room,59.0,7,1,0,160,3710.0,1,8.219056661060598,0
bulgari_resort_bali,Indonesia,Asia,beach,Superior Room,59.0,8,1,1,137,3990.0,1,8.291797105048733,0
bulgari_resort_bali,Indonesia,Asia,beach,Superior Room,59.0,10,0,1,81,930.0,0,6.836259277277067,0
bulgari_resort_bali,Indonesia,Asia,beach,Superior Room,59.0,12,1,0,2,6090.0,1,8.714567550836485,0
bulgari_resort_bali,Indonesia,Asia,beach,Junior Suite,59.0,1,0,0,345,1070.0,0,6.976348070447749,0
bulgari_resort_bali,Indonesia,Asia,beach,Junior Suite,59.0,2,1,0,315,1270.0,0,7.147559271189454,0
bulgari_resort_bali,Indonesia,Asia,beach,Junior Suite,59.0,3,0,0,280,1150.0,0,7.048386408721883,0
bulgari_resort_bali,Indonesia,Asia,beach,Junior Suite,59.0,4,1,0,251,1270.0,0,7.147559271189454,0
bulgari_resort_bali,Indonesia,Asia,beach,Junior Suite,59.0,5,0,0,229,1210.0,0,7.099201743553092,0
bulgari_resort_bali,Indonesia,Asia,beach,Junior Suite,59.0,6,0,0,180,2670.0,0,7.890208213109961,0
bulgari_resort_bali,Indonesia,Asia,beach,Junior Suite,59.0,7,1,0,160,4780.0,1,8.472405008626103,0
bulgari_resort_bali,Indonesia,Asia,beach,Junior Suite,59.0,8,1,1,137,5110.0,1,8.53915035876828,0
bulgari_resort_bali,Indonesia,Asia,beach,Junior Suite,59.0,10,0,1,81,1420.0,0,7.259116128097101,0
bulgari_resort_bali,Indonesia,Asia,beach,Junior Suite,59.0,12,1,0,2,7070.0,1,8.863757191604241,0
bulgari_resort_bali,Indonesia,Asia,beach,Suite,59.0,1,0,0,345,1900.0,0,7.550135342488429,0
bulgari_resort_bali,Indonesia,Asia,beach,Suite,59.0,2,1,0,315,2400.0,0,7.783640596221253,0
bulgari_resort_bali,Indonesia,Asia,beach,Suite,59.0,3,0,0,280,1870.0,0,7.534228326274089,0
bulgari_resort_bali,Indonesia,Asia,beach,Suite,59.0,4,1,0,251,1860.0,0,7.528869256642251,0
bulgari_resort_bali,Indonesia,Asia,beach,Suite,59.0,5,0,0,229,1790.0,0,7.490529402060711,0
bulgari_resort_bali,Indonesia,Asia,beach,Suite,59.0,6,0,0,180,4280.0,1,8.361941906144946,0
bulgari_resort_bali,Indonesia,Asia,beach,Suite,59.0,7,1,0,160,6230.0,1,8.737292112544221,0
bulgari_resort_bali,Indonesia,Asia,beach,Suite,59.0,8,1,1,137,7220.0,1,8.884748726451182,0
bulgari_resort_bali,Indonesia,Asia,beach,Suite,59.0,10,0,1,81,2020.0,0,7.611347717403621,0
bulgari_resort_bali,Indonesia,Asia,beach,Suite,59.0,12,1,0,2,9790.0,1,9.189218875354072,0
bulgari_resort_bali,Indonesia,Asia,beach,Grand Suite,59.0,1,0,0,345,2310.0,0,7.745435610274381,0
bulgari_resort_bali,Indonesia,Asia,beach,Grand Suite,59.0,2,1,0,315,2590.0,0,7.85979918056211,0
bulgari_resort_bali,Indonesia,Asia,beach,Grand Suite,59.0,3,0,0,280,2430.0,0,7.796057974316123,0
bulgari_resort_bali,Indonesia,Asia,beach,Grand Suite,59.0,4,1,0,251,2280.0,0,7.732369222284388,0
bulgari_resort_bali,Indonesia,Asia,beach,Grand Suite,59.0,5,0,0,229,2390.0,0,7.779466967458324,0
bulgari_resort_bali,Indonesia,Asia,beach,Grand Suite,59.0,6,0,0,180,5740.0,1,8.655388690167637,0
bulgari_resort_bali,Indonesia,Asia,beach,Grand Suite,59.0,7,1,0,160,9460.0,1,9.154933364704444,0
bulgari_resort_bali,Indonesia,Asia,beach,Grand Suite,59.0,8,1,1,137,10310.0,1,9.240966565517944,0
bulgari_resort_bali,Indonesia,Asia,beach,Grand Suite,59.0,10,0,1,81,2560.0,0,7.848153086199526,0
bulgari_resort_bali,Indonesia,Asia,beach,Grand Suite,59.0,12,1,0,2,15330.0,1,9.637632201310455,0
bulgari_resort_bali,Indonesia,Asia,beach,Presidential Suite,59.0,1,0,0,345,3500.0,1,8.160803920954665,0
bulgari_resort_bali,Indonesia,Asia,beach,Presidential Suite,59.0,2,1,0,315,4600.0,1,8.434028950155469,0
bulgari_resort_bali,Indonesia,Asia,beach,Presidential Suite,59.0,3,0,0,280,3880.0,1,8.263848131368906,0
bulgari_resort_bali,Indonesia,Asia,beach,Presidential Suite,59.0,4,1,0,251,4060.0,1,8.309184527686298,0
bulgari_resort_bali,Indonesia,Asia,beach,Presidential Suite,59.0,5,0,0,229,3740.0,1,8.227108234348146,0
bulgari_resort_bali,Indonesia,Asia,beach,Presidential Suite,59.0,6,0,0,180,9010.0,1,9.106201332235038,0
bulgari_resort_bali,Indonesia,Asia,beach,Presidential Suite,59.0,7,1,0,160,13940.0,1,9.542589417753089,0
bulgari_resort_bali,Indonesia,Asia,beach,Presidential Suite,59.0,8,1,1,137,15920.0,1,9.675394271496005,0
bulgari_resort_bali,Indonesia,Asia,beach,Presidential Suite,59.0,10,0,1,81,4290.0,1,8.364275084991524,0
bulgari_resort_bali,Indonesia,Asia,beach,Presidential Suite,59.0,12,1,0,2,20020.0,1,9.904537001671699,0
the_brando,French Polynesia,Pacific,island,Deluxe Room,35.0,1,0,0,345,1660.0,0,7.415175109613295,0
the_brando,French Polynesia,Pacific,island,Deluxe Room,35.0,2,1,0,315,2260.0,0,7.72356247227797,0
the_brando,French Polynesia,Pacific,island,Deluxe Room,35.0,3,0,0,280,2160.0,0,7.6783263565068856,0
the_brando,French Polynesia,Pacific,island,Deluxe Room,35.0,4,1,0,251,1680.0,0,7.427144133408616,0
the_brando,French Polynesia,Pacific,island,Deluxe Room,35.0,5,0,0,229,2180.0,0,7.687538766201629,0
the_brando,French Polynesia,Pacific,island,Deluxe Room,35.0,6,0,0,180,4290.0,1,8.364275084991524,0
the_brando,French Polynesia,Pacific,island,Deluxe Room,35.0,7,1,0,160,6620.0,1,8.798001694924846,0
the_brando,French Polynesia,Pacific,island,Deluxe Room,35.0,8,1,1,137,7460.0,1,8.917444732471514,0
the_brando,French Polynesia,Pacific,island,Deluxe Room,35.0,10,0,1,81,2270.0,0,7.7279755421055585,0
the_brando,French Polynesia,Pacific,island,Deluxe Room,35.0,12,1,0,2,8790.0,1,9.081483749851179,0
the_brando,French Polynesia,Pacific,island,Superior Room,35.0,1,0,0,345,2560.0,0,7.848153086199526,0
the_brando,French Polynesia,Pacific,island,Superior Room,35.0,2,1,0,315,2620.0,0,7.8713112033234065,0
the_brando,French Polynesia,Pacific,island,Superior Room,35.0,3,0,0,280,2530.0,0,7.836369760545124,0
the_brando,French Polynesia,Pacific,island,Superior Room,35.0,4,1,0,251,2440.0,0,7.80016307039296,0
the_brando,French Polynesia,Pacific,island,Superior Room,35.0,5,0,0,229,2490.0,0,7.820439515262181,0
the_brando,French Polynesia,Pacific,island,Superior Room,35.0,6,0,0,180,5540.0,1,8.61993026886735,0
the_brando,French Polynesia,Pacific,island,Superior Room,35.0,7,1,0,160,8960.0,1,9.10063710688422,0
the_brando,French Polynesia,Pacific,island,Superior Room,35.0,8,1,1,137,9040.0,1,9.109525066737367,0
the_brando,French Polynesia,Pacific,island,Superior Room,35.0,10,0,1,81,2910.0,0,7.976251943745623,0
the_brando,French Polynesia,Pacific,island,Superior Room,35.0,12,1,0,2,10350.0,1,9.24483841238375,0
the_brando,French Polynesia,Pacific,island,Junior Suite,35.0,1,0,0,345,3490.0,1,8.157943507105037,0
the_brando,French Polynesia,Pacific,island,Junior Suite,35.0,2,1,0,315,3940.0,1,8.279189777195004,0
the_brando,French Polynesia,Pacific,island,Junior Suite,35.0,3,0,0,280,3500.0,1,8.160803920954665,0
the_brando,French Polynesia,Pacific,island,Junior Suite,35.0,4,1,0,251,3150.0,1,8.055475141757274,0
the_brando,French Polynesia,Pacific,island,Junior Suite,35.0,5,0,0,229,3740.0,1,8.227108234348146,0
the_brando,French Polynesia,Pacific,island,Junior Suite,35.0,6,0,0,180,7460.0,1,8.917444732471514,0
the_brando,French Polynesia,Pacific,island,Junior Suite,35.0,7,1,0,160,10850.0,1,9.292012520620208,0
the_brando,French Polynesia,Pacific,island,Junior Suite,35.0,8,1,1,137,11640.0,1,9.36228862824824,0
the_brando,French Polynesia,Pacific,island,Junior Suite,35.0,10,0,1,81,3090.0,1,8.036249942132116,0
the_brando,French Polynesia,Pacific,island,Junior Suite,35.0,12,1,0,2,17700.0,1,9.781376414141157,0
the_brando,French Polynesia,Pacific,island,Suite,35.0,1,0,0,345,4390.0,1,8.387312270561717,0
the_brando,French Polynesia,Pacific,island,Suite,35.0,2,1,0,315,5790.0,1,8.66406026722579,0
the_brando,French Polynesia,Pacific,island,Suite,35.0,3,0,0,280,5190.0,1,8.55468163582723,0
the_brando,French Polynesia,Pacific,island,Suite,35.0,4,1,0,251,4960.0,1,8.509362612301048,0
the_brando,French Polynesia,Pacific,island,Suite,35.0,5,0,0,229,4530.0,1,8.418697944667139,0
the_brando,French Polynesia,Pacific,island,Suite,35.0,6,0,0,180,9440.0,1,9.152817185732516,0
the_brando,French Polynesia,Pacific,island,Suite,35.0,7,1,0,160,17120.0,1,9.748061059204817,0
the_brando,French Polynesia,Pacific,island,Suite,35.0,8,1,1,137,17850.0,1,9.789814808047552,0
the_brando,French Polynesia,Pacific,island,Suite,35.0,10,0,1,81,4370.0,1,8.382747094863314,0
the_brando,French Polynesia,Pacific,island,Suite,35.0,12,1,0,2,21420.0,1,9.972127028252816,0
the_brando,French Polynesia,Pacific,island,Grand Suite,35.0,1,0,0,345,6840.0,1,8.830689198760998,0
the_brando,French Polynesia,Pacific,island,Grand Suite,35.0,2,1,0,315,7760.0,1,8.95686647085414,0
the_brando,French Polynesia,Pacific,island,Grand Suite,35.0,3,0,0,280,6550.0,1,8.787372988731876,0
the_brando,French Polynesia,Pacific,island,Grand Suite,35.0,4,1,0,251,7330.0,1,8.899867211223587,0
the_brando,French Polynesia,Pacific,island,Grand Suite,35.0,5,0,0,229,6220.0,1,8.73568594451502,0
the_brando,French Polynesia,Pacific,island,Grand Suite,35.0,6,0,0,180,14010.0,1,9.547598014371232,0
the_brando,French Polynesia,Pacific,island,Grand Suite,35.0,7,1,0,160,22490.0,1,10.020870508171171,0
the_brando,French Polynesia,Pacific,island,Grand Suite,35.0,8,1,1,137,23910.0,1,10.082093883082601,0
the_brando,French Polynesia,Pacific,island,Grand Suite,35.0,10,0,1,81,7510.0,1,8.924123891686012,0
the_brando,French Polynesia,Pacific,island,Grand Suite,35.0,12,1,0,2,39110.0,1,10.574159036330888,1
the_brando,French Polynesia,Pacific,island,Presidential Suite,35.0,1,0,0,345,9210.0,1,9.128153700988236,0
the_brando,French Polynesia,Pacific,island,Presidential Suite,35.0,2,1,0,315,12200.0,1,9.409273194575334,0
the_brando,French Polynesia,Pacific,island,Presidential Suite,35.0,3,0,0,280,11440.0,1,9.344958673700944,0
the_brando,French Polynesia,Pacific,island,Presidential Suite,35.0,4,1,0,251,10400.0,1,9.249657234353133,0
the_brando,French Polynesia,Pacific,island,Presidential Suite,35.0,5,0,0,229,10350.0,1,9.24483841238375,0
the_brando,French Polynesia,Pacific,island,Presidential Suite,35.0,6,0,0,180,19180.0,1,9.861675484721689,0
the_brando,French Polynesia,Pacific,island,Presidential Suite,35.0,7,1,0,160,36480.0,1,10.50454685609326,1
the_brando,French Polynesia,Pacific,island,Presidential Suite,35.0,8,1,1,137,32050.0,1,10.375083663110118,1
the_brando,French Polynesia,Pacific,island,Presidential Suite,35.0,10,0,1,81,9510.0,1,9.160204302482386,0
the_brando,French Polynesia,Pacific,island,Presidential Suite,35.0,12,1,0,2,49960.0,1,10.818997980052007,1
singita_grumeti,Tanzania,Africa,mountain,Deluxe Room,34.0,1,0,0,345,1600.0,0,7.3783837129967145,0
singita_grumeti,Tanzania,Africa,mountain,Deluxe Room,34.0,2,1,0,315,1430.0,0,7.266128779556451,0
singita_grumeti,Tanzania,Africa,mountain,Deluxe Room,34.0,3,0,0,280,1300.0,0,7.170888478512505,0
singita_grumeti,Tanzania,Africa,mountain,Deluxe Room,34.0,4,1,0,251,1570.0,0,7.359467638255621,0
singita_grumeti,Tanzania,Africa,mountain,Deluxe Room,34.0,5,0,0,229,1660.0,0,7.415175109613295,0
singita_grumeti,Tanzania,Africa,mountain,Deluxe Room,34.0,6,0,0,180,2870.0,0,7.962415680121064,0
singita_grumeti,Tanzania,Africa,mountain,Deluxe Room,34.0,7,1,0,160,5140.0,1,8.545002892055505,0
singita_grumeti,Tanzania,Africa,mountain,Deluxe Room,34.0,8,1,1,137,4750.0,1,8.46611040118692,0
singita_grumeti,Tanzania,Africa,mountain,Deluxe Room,34.0,10,0,1,81,3590.0,1,8.186185994226083,0
singita_grumeti,Tanzania,Africa,mountain,Deluxe Room,34.0,12,1,0,2,7740.0,1,8.954286157204713,0
singita_grumeti,Tanzania,Africa,mountain,Superior Room,34.0,1,0,0,345,1690.0,0,7.43307534889858,0
singita_grumeti,Tanzania,Africa,mountain,Superior Room,34.0,2,1,0,315,2000.0,0,7.601402334583733,0
singita_grumeti,Tanzania,Africa,mountain,Superior Room,34.0,3,0,0,280,1980.0,0,7.591357046698551,0
singita_grumeti,Tanzania,Africa,mountain,Superior Room,34.0,4,1,0,251,2130.0,0,7.664346632098617,0
singita_grumeti,Tanzania,Africa,mountain,Superior Room,34.0,5,0,0,229,2060.0,0,7.630946580890459,0
singita_grumeti,Tanzania,Africa,mountain,Superior Room,34.0,6,0,0,180,4240.0,1,8.352554369474591,0
singita_grumeti,Tanzania,Africa,mountain,Superior Room,34.0,7,1,0,160,5810.0,1,8.667507952075105,0
singita_grumeti,Tanzania,Africa,mountain,Superior Room,34.0,8,1,1,137,6820.0,1,8.82776136765472,0
singita_grumeti,Tanzania,Africa,mountain,Superior Room,34.0,10,0,1,81,4060.0,1,8.309184527686298,0
singita_grumeti,Tanzania,Africa,mountain,Superior Room,34.0,12,1,0,2,10150.0,1,9.225327501784431,0
singita_grumeti,Tanzania,Africa,mountain,Junior Suite,34.0,1,0,0,345,2290.0,0,7.736743682453495,0
singita_grumeti,Tanzania,Africa,mountain,Junior Suite,34.0,2,1,0,315,3050.0,1,8.02322468471667,0
singita_grumeti,Tanzania,Africa,mountain,Junior Suite,34.0,3,0,0,280,2980.0,0,8.000014093678072,0
singita_grumeti,Tanzania,Africa,mountain,Junior Suite,34.0,4,1,0,251,2840.0,0,7.951911381854188,0
singita_grumeti,Tanzania,Africa,mountain,Junior Suite,34.0,5,0,0,229,2390.0,0,7.779466967458324,0
singita_grumeti,Tanzania,Africa,mountain,Junior Suite,34.0,6,0,0,180,4860.0,1,8.488999457045455,0
singita_grumeti,Tanzania,Africa,mountain,Junior Suite,34.0,7,1,0,160,7870.0,1,8.97094039814245,0
singita_grumeti,Tanzania,Africa,mountain,Junior Suite,34.0,8,1,1,137,9780.0,1,9.188197007290492,0
singita_grumeti,Tanzania,Africa,mountain,Junior Suite,34.0,10,0,1,81,6060.0,1,8.709630081951286,0
singita_grumeti,Tanzania,Africa,mountain,Junior Suite,34.0,12,1,0,2,11450.0,1,9.34583234141334,0
singita_grumeti,Tanzania,Africa,mountain,Suite,34.0,1,0,0,345,4160.0,1,8.333510708982942,0
singita_grumeti,Tanzania,Africa,mountain,Suite,34.0,2,1,0,315,4060.0,1,8.309184527686298,0
singita_grumeti,Tanzania,Africa,mountain,Suite,34.0,3,0,0,280,3880.0,1,8.263848131368906,0
singita_grumeti,Tanzania,Africa,mountain,Suite,34.0,4,1,0,251,3820.0,1,8.2482674474469,0
singita_grumeti,Tanzania,Africa,mountain,Suite,34.0,5,0,0,229,4160.0,1,8.333510708982942,0
singita_grumeti,Tanzania,Africa,mountain,Suite,34.0,6,0,0,180,6760.0,1,8.818926087090677,0
singita_grumeti,Tanzania,Africa,mountain,Suite,34.0,7,1,0,160,11540.0,1,9.353661191420406,0
singita_grumeti,Tanzania,Africa,mountain,Suite,34.0,8,1,1,137,12010.0,1,9.39357817555449,0
singita_grumeti,Tanzania,Africa,mountain,Suite,34.0,10,0,1,81,6980.0,1,8.850947451970402,0
singita_grumeti,Tanzania,Africa,mountain,Suite,34.0,12,1,0,2,15320.0,1,9.636979715315753,0
singita_grumeti,Tanzania,Africa,mountain,Grand Suite,34.0,1,0,0,345,5200.0,1,8.556606193773073,0
singita_grumeti,Tanzania,Africa,mountain,Grand Suite,34.0,2,1,0,315,6580.0,1,8.791941988456118,0
singita_grumeti,Tanzania,Africa,mountain,Grand Suite,34.0,3,0,0,280,5170.0,1,8.550821372396221,0
singita_grumeti,Tanzania,Africa,mountain,Grand Suite,34.0,4,1,0,251,5170.0,1,8.550821372396221,0
singita_grumeti,Tanzania,Africa,mountain,Grand Suite,34.0,5,0,0,229,4850.0,1,8.486940148245216,0
singita_grumeti,Tanzania,Africa,mountain,Grand Suite,34.0,6,0,0,180,10840.0,1,9.291090521661292,0
singita_grumeti,Tanzania,Africa,mountain,Grand Suite,34.0,7,1,0,160,16190.0,1,9.692210811286753,0
singita_grumeti,Tanzania,Africa,mountain,Grand Suite,34.0,8,1,1,137,16140.0,1,9.68911789777328,0
singita_grumeti,Tanzania,Africa,mountain,Grand Suite,34.0,10,0,1,81,11070.0,1,9.312084355859467,0
singita_grumeti,Tanzania,Africa,mountain,Grand Suite,34.0,12,1,0,2,25050.0,1,10.128669025875903,0
singita_grumeti,Tanzania,Africa,mountain,Presidential Suite,34.0,1,0,0,345,8410.0,1,9.037295651962438,0
singita_grumeti,Tanzania,Africa,mountain,Presidential Suite,34.0,2,1,0,315,9910.0,1,9.201400530406708,0
singita_grumeti,Tanzania,Africa,mountain,Presidential Suite,34.0,3,0,0,280,7450.0,1,8.916103530553727,0
singita_grumeti,Tanzania,Africa,mountain,Presidential Suite,34.0,4,1,0,251,8620.0,1,9.061956366209925,0
singita_grumeti,Tanzania,Africa,mountain,Presidential Suite,34.0,5,0,0,229,8030.0,1,8.991064332188461,0
singita_grumeti,Tanzania,Africa,mountain,Presidential Suite,34.0,6,0,0,180,15580.0,1,9.653807502217354,0
singita_grumeti,Tanzania,Africa,mountain,Presidential Suite,34.0,7,1,0,160,25590.0,1,10.149996006155071,0
singita_grumeti,Tanzania,Africa,mountain,Presidential Suite,34.0,8,1,1,137,25860.0,1,10.16049132133844,0
singita_grumeti,Tanzania,Africa,mountain,Presidential Suite,34.0,10,0,1,81,18120.0,1,9.804826765712157,0
singita_grumeti,Tanzania,Africa,mountain,Presidential Suite,34.0,12,1,0,2,39270.0,1,10.578241611979182,1
aman_tokyo,Japan,Asia,city,Deluxe Room,84.0,1,0,0,345,810.0,0,6.698268054115413,0
aman_tokyo,Japan,Asia,city,Deluxe Room,84.0,2,1,0,315,2230.0,0,7.7102051944325325,0
aman_tokyo,Japan,Asia,city,Deluxe Room,84.0,3,0,0,280,3200.0,1,8.071218539969863,0
aman_tokyo,Japan,Asia,city,Deluxe Room,84.0,4,1,0,251,3000.0,0,8.006700845440367,0
aman_tokyo,Japan,Asia,city,Deluxe Room,84.0,5,0,0,229,1680.0,0,7.427144133408616,0
aman_tokyo,Japan,Asia,city,Deluxe Room,84.0,6,0,0,180,700.0,0,6.55250788703459,0
aman_tokyo,Japan,Asia,city,Deluxe Room,84.0,7,1,0,160,890.0,0,6.792344427470809,0
aman_tokyo,Japan,Asia,city,Deluxe Room,84.0,8,1,1,137,730.0,0,6.594413459749778,0
aman_tokyo,Japan,Asia,city,Deluxe Room,84.0,10,0,1,81,3020.0,1,8.013343181386672,0
aman_tokyo,Japan,Asia,city,Deluxe Room,84.0,12,1,0,2,2680.0,0,7.893945138235959,0
aman_tokyo,Japan,Asia,city,Superior Room,84.0,1,0,0,345,890.0,0,6.792344427470809,0
aman_tokyo,Japan,Asia,city,Superior Room,84.0,2,1,0,315,3120.0,1,8.045908742270779,0
aman_tokyo,Japan,Asia,city,Superior Room,84.0,3,0,0,280,3800.0,1,8.24301946898925,0
aman_tokyo,Japan,Asia,city,Superior Room,84.0,4,1,0,251,3630.0,1,8.197263371414335,0
aman_tokyo,Japan,Asia,city,Superior Room,84.0,5,0,0,229,2430.0,0,7.796057974316123,0
aman_tokyo,Japan,Asia,city,Superior Room,84.0,6,0,0,180,920.0,0,6.825460036255307,0
aman_tokyo,Japan,Asia,city,Superior Room,84.0,7,1,0,160,1000.0,0,6.90875477931522,0
aman_tokyo,Japan,Asia,city,Superior Room,84.0,8,1,1,137,1320.0,0,7.186144304522325,0
aman_tokyo,Japan,Asia,city,Superior Room,84.0,10,0,1,81,4330.0,1,8.373553741214627,0
aman_tokyo,Japan,Asia,city,Superior Room,84.0,12,1,0,2,3740.0,1,8.227108234348146,0
aman_tokyo,Japan,Asia,city,Junior Suite,84.0,1,0,0,345,1360.0,0,7.215975002651466,0
aman_tokyo,Japan,Asia,city,Junior Suite,84.0,2,1,0,315,3630.0,1,8.197263371414335,0
aman_tokyo,Japan,Asia,city,Junior Suite,84.0,3,0,0,280,4940.0,1,8.50532301884575,0
aman_tokyo,Japan,Asia,city,Junior Suite,84.0,4,1,0,251,5280.0,1,8.571870752706934,0
aman_tokyo,Japan,Asia,city,Junior Suite,84.0,5,0,0,229,2970.0,0,7.9966538754626075,0
aman_tokyo,Japan,Asia,city,Junior Suite,84.0,6,0,0,180,1260.0,0,7.13966033596492,0
aman_tokyo,Japan,Asia,city,Junior Suite,84.0,7,1,0,160,1560.0,0,7.353081920515432,0
aman_tokyo,Japan,Asia,city,Junior Suite,84.0,8,1,1,137,1740.0,0,7.462214939768189,0
aman_tokyo,Japan,Asia,city,Junior Suite,84.0,10,0,1,81,6160.0,1,8.725994381014571,0
aman_tokyo,Japan,Asia,city,Junior Suite,84.0,12,1,0,2,4240.0,1,8.352554369474591,0
aman_tokyo,Japan,Asia,city,Suite,84.0,1,0,0,345,1870.0,0,7.534228326274089,0
aman_tokyo,Japan,Asia,city,Suite,84.0,2,1,0,315,4850.0,1,8.486940148245216,0
aman_tokyo,Japan,Asia,city,Suite,84.0,3,0,0,280,7100.0,1,8.867990898182093,0
aman_tokyo,Japan,Asia,city,Suite,84.0,4,1,0,251,7160.0,1,8.87640491500694,0
aman_tokyo,Japan,Asia,city,Suite,84.0,5,0,0,229,4070.0,1,8.31164394850298,0
aman_tokyo,Japan,Asia,city,Suite,84.0,6,0,0,180,1740.0,0,7.462214939768189,0
aman_tokyo,Japan,Asia,city,Suite,84.0,7,1,0,160,2190.0,0,7.692113339595466,0
aman_tokyo,Japan,Asia,city,Suite,84.0,8,1,1,137,1740.0,0,7.462214939768189,0
aman_tokyo,Japan,Asia,city,Suite,84.0,10,0,1,81,7340.0,1,8.901230352110781,0
aman_tokyo,Japan,Asia,city,Suite,84.0,12,1,0,2,6470.0,1,8.775085935057266,0
aman_tokyo,Japan,Asia,city,Grand Suite,84.0,1,0,0,345,2460.0,0,7.8083230503910555,0
aman_tokyo,Japan,Asia,city,Grand Suite,84.0,2,1,0,315,7430.0,1,8.91341571815747,0
aman_tokyo,Japan,Asia,city,Grand Suite,84.0,3,0,0,280,10790.0,1,9.286467732363734,0
aman_tokyo,Japan,Asia,city,Grand Suite,84.0,4,1,0,251,10810.0,1,9.288319413292772,0
aman_tokyo,Japan,Asia,city,Grand Suite,84.0,5,0,0,229,6630.0,1,8.799510901368867,0
aman_tokyo,Japan,Asia,city,Grand Suite,84.0,6,0,0,180,3060.0,1,8.026496938945412,0
aman_tokyo,Japan,Asia,city,Grand Suite,84.0,7,1,0,160,2430.0,0,7.796057974316123,0
aman_tokyo,Japan,Asia,city,Grand Suite,84.0,8,1,1,137,2890.0,0,7.969357742016346,0
aman_tokyo,Japan,Asia,city,Grand Suite,84.0,10,0,1,81,11070.0,1,9.312084355859467,0
aman_tokyo,Japan,Asia,city,Grand Suite,84.0,12,1,0,2,9760.0,1,9.186150133174966,0
aman_tokyo,Japan,Asia,city,Presidential Suite,84.0,1,0,0,345,4670.0,1,8.449128460502108,0
aman_tokyo,Japan,Asia,city,Presidential Suite,84.0,2,1,0,315,11770.0,1,9.37339415841248,0
aman_tokyo,Japan,Asia,city,Presidential Suite,84.0,3,0,0,280,15870.0,1,9.672248823507559,0
aman_tokyo,Japan,Asia,city,Presidential Suite,84.0,4,1,0,251,16690.0,1,9.722624930978418,0
aman_tokyo,Japan,Asia,city,Presidential Suite,84.0,5,0,0,229,9190.0,1,9.12598002335811,0
aman_tokyo,Japan,Asia,city,Presidential Suite,84.0,6,0,0,180,4200.0,1,8.343077871169383,0
aman_tokyo,Japan,Asia,city,Presidential Suite,84.0,7,1,0,160,4240.0,1,8.352554369474591,0
aman_tokyo,Japan,Asia,city,Presidential Suite,84.0,8,1,1,137,3890.0,1,8.266421472984554,0
aman_tokyo,Japan,Asia,city,Presidential Suite,84.0,10,0,1,81,18160.0,1,9.807031716718498,0
aman_tokyo,Japan,Asia,city,Presidential Suite,84.0,12,1,0,2,12420.0,1,9.427143867544194,0
four_seasons_bora_bora,French Polynesia,Pacific,island,Deluxe Room,100.0,1,0,0,345,1200.0,0,7.0909098220799835,0
four_seasons_bora_bora,French Polynesia,Pacific,island,Deluxe Room,100.0,2,1,0,315,1400.0,0,7.244941546337007,0
four_seasons_bora_bora,French Polynesia,Pacific,island,Deluxe Room,100.0,3,0,0,280,1310.0,0,7.1785454837637,0
four_seasons_bora_bora,French Polynesia,Pacific,island,Deluxe Room,100.0,4,1,0,251,1250.0,0,7.1316985104669115,0
four_seasons_bora_bora,French Polynesia,Pacific,island,Deluxe Room,100.0,5,0,0,229,1370.0,0,7.223295679562314,0
four_seasons_bora_bora,French Polynesia,Pacific,island,Deluxe Room,100.0,6,0,0,180,2940.0,0,7.9865049385539955,0
four_seasons_bora_bora,French Polynesia,Pacific,island,Deluxe Room,100.0,7,1,0,160,5260.0,1,8.568076401730806,0
four_seasons_bora_bora,French Polynesia,Pacific,island,Deluxe Room,100.0,8,1,1,137,6150.0,1,8.724369949208368,0
four_seasons_bora_bora,French Polynesia,Pacific,island,Deluxe Room,100.0,10,0,1,81,1640.0,0,7.403061091090091,0
four_seasons_bora_bora,French Polynesia,Pacific,island,Deluxe Room,100.0,12,1,0,2,8370.0,1,9.032528630660057,0
four_seasons_bora_bora,French Polynesia,Pacific,island,Superior Room,100.0,1,0,0,345,1950.0,0,7.576097340623111,0
four_seasons_bora_bora,French Polynesia,Pacific,island,Superior Room,100.0,2,1,0,315,2300.0,0,7.741099090035366,0
four_seasons_bora_bora,French Polynesia,Pacific,island,Superior Room,100.0,3,0,0,280,1880.0,0,7.53955882930103,0
four_seasons_bora_bora,French Polynesia,Pacific,island,Superior Room,100.0,4,1,0,251,1930.0,0,7.565793282428515,0
four_seasons_bora_bora,French Polynesia,Pacific,island,Superior Room,100.0,5,0,0,229,1520.0,0,7.327123292259293,0
four_seasons_bora_bora,French Polynesia,Pacific,island,Superior Room,100.0,6,0,0,180,4470.0,1,8.405367376233981,0
four_seasons_bora_bora,French Polynesia,Pacific,island,Superior Room,100.0,7,1,0,160,7060.0,1,8.862341963516347,0
four_seasons_bora_bora,French Polynesia,Pacific,island,Superior Room,100.0,8,1,1,137,7770.0,1,8.958154135209242,0
four_seasons_bora_bora,French Polynesia,Pacific,island,Superior Room,100.0,10,0,1,81,2180.0,0,7.687538766201629,0
four_seasons_bora_bora,French Polynesia,Pacific,island,Superior Room,100.0,12,1,0,2,10410.0,1,9.250618218474752,0
four_seasons_bora_bora,French Polynesia,Pacific,island,Junior Suite,100.0,1,0,0,345,2510.0,0,7.828436359157585,0
four_seasons_bora_bora,French Polynesia,Pacific,island,Junior Suite,100.0,2,1,0,315,2480.0,0,7.816416983691801,0
four_seasons_bora_bora,French Polynesia,Pacific,island,Junior Suite,100.0,3,0,0,280,1990.0,0,7.596392304064196,0
four_seasons_bora_bora,French Polynesia,Pacific,island,Junior Suite,100.0,4,1,0,251,2530.0,0,7.836369760545124,0
four_seasons_bora_bora,French Polynesia,Pacific,island,Junior Suite,100.0,5,0,0,229,2320.0,0,7.749753406274437,0
four_seasons_bora_bora,French Polynesia,Pacific,island,Junior Suite,100.0,6,0,0,180,6320.0,1,8.751632702472298,0
four_seasons_bora_bora,French Polynesia,Pacific,island,Junior Suite,100.0,7,1,0,160,9560.0,1,9.165447603085447,0
four_seasons_bora_bora,French Polynesia,Pacific,island,Junior Suite,100.0,8,1,1,137,11170.0,1,9.321076413570848,0
four_seasons_bora_bora,French Polynesia,Pacific,island,Junior Suite,100.0,10,0,1,81,2630.0,0,7.875119281040293,0
four_seasons_bora_bora,French Polynesia,Pacific,island,Junior Suite,100.0,12,1,0,2,14990.0,1,9.615205300012315,0
four_seasons_bora_bora,French Polynesia,Pacific,island,Suite,100.0,1,0,0,345,3620.0,1,8.19450550976564,0
four_seasons_bora_bora,French Polynesia,Pacific,island,Suite,100.0,2,1,0,315,3890.0,1,8.266421472984554,0
four_seasons_bora_bora,French Polynesia,Pacific,island,Suite,100.0,3,0,0,280,3060.0,1,8.026496938945412,0
four_seasons_bora_bora,French Polynesia,Pacific,island,Suite,100.0,4,1,0,251,2740.0,0,7.916078096302786,0
four_seasons_bora_bora,French Polynesia,Pacific,island,Suite,100.0,5,0,0,229,2800.0,0,7.937731775260109,0
four_seasons_bora_bora,French Polynesia,Pacific,island,Suite,100.0,6,0,0,180,8160.0,1,9.007121989469242,0
four_seasons_bora_bora,French Polynesia,Pacific,island,Suite,100.0,7,1,0,160,13760.0,1,9.529593783265282,0
four_seasons_bora_bora,French Polynesia,Pacific,island,Suite,100.0,8,1,1,137,15180.0,1,9.627799924932715,0
four_seasons_bora_bora,French Polynesia,Pacific,island,Suite,100.0,10,0,1,81,3730.0,1,8.224431573221159,0
four_seasons_bora_bora,French Polynesia,Pacific,island,Suite,100.0,12,1,0,2,16460.0,1,9.708749225727084,0
four_seasons_bora_bora,French Polynesia,Pacific,island,Grand Suite,100.0,1,0,0,345,4830.0,1,8.482808764554406,0
four_seasons_bora_bora,French Polynesia,Pacific,island,Grand Suite,100.0,2,1,0,315,5700.0,1,8.648396877031582,0
four_seasons_bora_bora,French Polynesia,Pacific,island,Grand Suite,100.0,3,0,0,280,4680.0,1,8.45126704130007,0
four_seasons_bora_bora,French Polynesia,Pacific,island,Grand Suite,100.0,4,1,0,251,4920.0,1,8.501267040865978,0
four_seasons_bora_bora,French Polynesia,Pacific,island,Grand Suite,100.0,5,0,0,229,3960.0,1,8.284251797621916,0
four_seasons_bora_bora,French Polynesia,Pacific,island,Grand Suite,100.0,6,0,0,180,11230.0,1,9.326433090963036,0
four_seasons_bora_bora,French Polynesia,Pacific,island,Grand Suite,100.0,7,1,0,160,20770.0,1,9.941313062076109,0
four_seasons_bora_bora,French Polynesia,Pacific,island,Grand Suite,100.0,8,1,1,137,20840.0,1,9.94467747936099,0
four_seasons_bora_bora,French Polynesia,Pacific,island,Grand Suite,100.0,10,0,1,81,5450.0,1,8.603554357064281,0
four_seasons_bora_bora,French Polynesia,Pacific,island,Grand Suite,100.0,12,1,0,2,28640.0,1,10.262594536666143,0
four_seasons_bora_bora,French Polynesia,Pacific,island,Presidential Suite,100.0,1,0,0,345,7110.0,1,8.869398159883518,0
four_seasons_bora_bora,French Polynesia,Pacific,island,Presidential Suite,100.0,2,1,0,315,7640.0,1,8.941283763647567,0
four_seasons_bora_bora,French Polynesia,Pacific,island,Presidential Suite,100.0,3,0,0,280,7760.0,1,8.95686647085414,0
four_seasons_bora_bora,French Polynesia,Pacific,island,Presidential Suite,100.0,4,1,0,251,6230.0,1,8.737292112544221,0
four_seasons_bora_bora,French Polynesia,Pacific,island,Presidential Suite,100.0,5,0,0,229,6010.0,1,8.701346403039162,0
four_seasons_bora_bora,French Polynesia,Pacific,island,Presidential Suite,100.0,6,0,0,180,16480.0,1,9.70996348123418,0
four_seasons_bora_bora,French Polynesia,Pacific,island,Presidential Suite,100.0,7,1,0,160,29840.0,1,10.303638565820524,1
four_seasons_bora_bora,French Polynesia,Pacific,island,Presidential Suite,100.0,8,1,1,137,33390.0,1,10.416041681575788,1
four_seasons_bora_bora,French Polynesia,Pacific,island,Presidential Suite,100.0,10,0,1,81,6850.0,1,8.832149906002899,0
four_seasons_bora_bora,French Polynesia,Pacific,island,Presidential Suite,100.0,12,1,0,2,39050.0,1,10.57262376313457,1
singita_ebony_lodge,South Africa,Africa,mountain,Deluxe Room,12.0,1,0,0,345,1540.0,0,7.340186835320115,0
singita_ebony_lodge,South Africa,Africa,mountain,Deluxe Room,12.0,2,1,0,315,1680.0,0,7.427144133408616,0
singita_ebony_lodge,South Africa,Africa,mountain,Deluxe Room,12.0,3,0,0,280,1280.0,0,7.155396301896734,0
singita_ebony_lodge,South Africa,Africa,mountain,Deluxe Room,12.0,4,1,0,251,1500.0,0,7.313886831633462,0
singita_ebony_lodge,South Africa,Africa,mountain,Deluxe Room,12.0,5,0,0,229,2660.0,0,7.886457270977689,0
singita_ebony_lodge,South Africa,Africa,mountain,Deluxe Room,12.0,6,0,0,180,3890.0,1,8.266421472984554,0
singita_ebony_lodge,South Africa,Africa,mountain,Deluxe Room,12.0,7,1,0,160,4090.0,1,8.316544717929398,0
singita_ebony_lodge,South Africa,Africa,mountain,Deluxe Room,12.0,8,1,1,137,4010.0,1,8.296795865770052,0
singita_ebony_lodge,South Africa,Africa,mountain,Deluxe Room,12.0,10,0,1,81,1200.0,0,7.0909098220799835,0
singita_ebony_lodge,South Africa,Africa,mountain,Deluxe Room,12.0,12,1,0,2,6050.0,1,8.707978826622321,0
singita_ebony_lodge,South Africa,Africa,mountain,Superior Room,12.0,1,0,0,345,1690.0,0,7.43307534889858,0
singita_ebony_lodge,South Africa,Africa,mountain,Superior Room,12.0,2,1,0,315,2400.0,0,7.783640596221253,0
singita_ebony_lodge,South Africa,Africa,mountain,Superior Room,12.0,3,0,0,280,1750.0,0,7.467942332285852,0
singita_ebony_lodge,South Africa,Africa,mountain,Superior Room,12.0,4,1,0,251,1610.0,0,7.384610383176974,0
singita_ebony_lodge,South Africa,Africa,mountain,Superior Room,12.0,5,0,0,229,3750.0,1,8.229777750081887,0
singita_ebony_lodge,South Africa,Africa,mountain,Superior Room,12.0,6,0,0,180,5170.0,1,8.550821372396221,0
singita_ebony_lodge,South Africa,Africa,mountain,Superior Room,12.0,7,1,0,160,5270.0,1,8.569975376855206,0
singita_ebony_lodge,South Africa,Africa,mountain,Superior Room,12.0,8,1,1,137,6300.0,1,8.748463629942055,0
singita_ebony_lodge,South Africa,Africa,mountain,Superior Room,12.0,10,0,1,81,1990.0,0,7.596392304064196,0
singita_ebony_lodge,South Africa,Africa,mountain,Superior Room,12.0,12,1,0,2,7820.0,1,8.964567702601611,0
singita_ebony_lodge,South Africa,Africa,mountain,Junior Suite,12.0,1,0,0,345,2140.0,0,7.669028288589683,0
singita_ebony_lodge,South Africa,Africa,mountain,Junior Suite,12.0,2,1,0,315,2470.0,0,7.81237820598861,0
singita_ebony_lodge,South Africa,Africa,mountain,Junior Suite,12.0,3,0,0,280,2600.0,0,7.8636512654486515,0
singita_ebony_lodge,South Africa,Africa,mountain,Junior Suite,12.0,4,1,0,251,2170.0,0,7.682943169878292,0
singita_ebony_lodge,South Africa,Africa,mountain,Junior Suite,12.0,5,0,0,229,4720.0,1,8.459775920546287,0
singita_ebony_lodge,South Africa,Africa,mountain,Junior Suite,12.0,6,0,0,180,7780.0,1,8.95944014361693,0
singita_ebony_lodge,South Africa,Africa,mountain,Junior Suite,12.0,7,1,0,160,7770.0,1,8.958154135209242,0
singita_ebony_lodge,South Africa,Africa,mountain,Junior Suite,12.0,8,1,1,137,7720.0,1,8.951699168308815,0
singita_ebony_lodge,South Africa,Africa,mountain,Junior Suite,12.0,10,0,1,81,2900.0,0,7.972810784121404,0
singita_ebony_lodge,South Africa,Africa,mountain,Junior Suite,12.0,12,1,0,2,12270.0,1,9.414994033976548,0
singita_ebony_lodge,South Africa,Africa,mountain,Suite,12.0,1,0,0,345,3480.0,1,8.15507488781144,0
singita_ebony_lodge,South Africa,Africa,mountain,Suite,12.0,2,1,0,315,3400.0,1,8.131824785007195,0
singita_ebony_lodge,South Africa,Africa,mountain,Suite,12.0,3,0,0,280,2790.0,0,7.934155233536322,0
singita_ebony_lodge,South Africa,Africa,mountain,Suite,12.0,4,1,0,251,3350.0,1,8.11701408773731,0
singita_ebony_lodge,South Africa,Africa,mountain,Suite,12.0,5,0,0,229,7000.0,1,8.853808274977197,0
singita_ebony_lodge,South Africa,Africa,mountain,Suite,12.0,6,0,0,180,10110.0,1,9.2213792190914,0
singita_ebony_lodge,South Africa,Africa,mountain,Suite,12.0,7,1,0,160,9940.0,1,9.204422898212146,0
singita_ebony_lodge,South Africa,Africa,mountain,Suite,12.0,8,1,1,137,10030.0,1,9.213435576883485,0
singita_ebony_lodge,South Africa,Africa,mountain,Suite,12.0,10,0,1,81,2880.0,0,7.9658927350845286,0
singita_ebony_lodge,South Africa,Africa,mountain,Suite,12.0,12,1,0,2,12630.0,1,9.443909388773974,0
singita_ebony_lodge,South Africa,Africa,mountain,Grand Suite,12.0,1,0,0,345,4590.0,1,8.431853144249223,0
singita_ebony_lodge,South Africa,Africa,mountain,Grand Suite,12.0,2,1,0,315,5370.0,1,8.58876938990546,0
singita_ebony_lodge,South Africa,Africa,mountain,Grand Suite,12.0,3,0,0,280,3990.0,1,8.291797105048733,0
singita_ebony_lodge,South Africa,Africa,mountain,Grand Suite,12.0,4,1,0,251,4080.0,1,8.314097335405807,0
singita_ebony_lodge,South Africa,Africa,mountain,Grand Suite,12.0,5,0,0,229,9080.0,1,9.113939597689829,0
singita_ebony_lodge,South Africa,Africa,mountain,Grand Suite,12.0,6,0,0,180,13410.0,1,9.50383054471094,0
singita_ebony_lodge,South Africa,Africa,mountain,Grand Suite,12.0,7,1,0,160,15280.0,1,9.634365505605258,0
singita_ebony_lodge,South Africa,Africa,mountain,Grand Suite,12.0,8,1,1,137,14550.0,1,9.585414998760278,0
singita_ebony_lodge,South Africa,Africa,mountain,Grand Suite,12.0,10,0,1,81,4770.0,1,8.470311205516108,0
singita_ebony_lodge,South Africa,Africa,mountain,Grand Suite,12.0,12,1,0,2,17650.0,1,9.77854771798028,0
singita_ebony_lodge,South Africa,Africa,mountain,Presidential Suite,12.0,1,0,0,345,7710.0,1,8.95040315983296,0
singita_ebony_lodge,South Africa,Africa,mountain,Presidential Suite,12.0,2,1,0,315,6850.0,1,8.832149906002899,0
singita_ebony_lodge,South Africa,Africa,mountain,Presidential Suite,12.0,3,0,0,280,6890.0,1,8.837971491357209,0
singita_ebony_lodge,South Africa,Africa,mountain,Presidential Suite,12.0,4,1,0,251,6550.0,1,8.787372988731876,0
singita_ebony_lodge,South Africa,Africa,mountain,Presidential Suite,12.0,5,0,0,229,13630.0,1,9.520101889570842,0
singita_ebony_lodge,South Africa,Africa,mountain,Presidential Suite,12.0,6,0,0,180,23070.0,1,10.046331696565609,0
singita_ebony_lodge,South Africa,Africa,mountain,Presidential Suite,12.0,7,1,0,160,23330.0,1,10.057538227363054,0
singita_ebony_lodge,South Africa,Africa,mountain,Presidential Suite,12.0,8,1,1,137,21890.0,1,9.99383087243373,0
singita_ebony_lodge,South Africa,Africa,mountain,Presidential Suite,12.0,10,0,1,81,6760.0,1,8.818926087090677,0
singita_ebony_lodge,South Africa,Africa,mountain,Presidential Suite,12.0,12,1,0,2,30980.0,1,10.341129392339514,1
eden_rock_st_barths,St Barthélemy,Caribbean,island,Deluxe Room,37.0,1,0,0,345,5020.0,1,8.521384396034705,0
eden_rock_st_barths,St Barthélemy,Caribbean,island,Deluxe Room,37.0,2,1,0,315,6250.0,1,8.740496729931813,0
eden_rock_st_barths,St Barthélemy,Caribbean,island,Deluxe Room,37.0,3,0,0,280,2970.0,0,7.9966538754626075,0
eden_rock_st_barths,St Barthélemy,Caribbean,island,Deluxe Room,37.0,4,1,0,251,1110.0,0,7.01301578963963,0
eden_rock_st_barths,St Barthélemy,Caribbean,island,Deluxe Room,37.0,5,0,0,229,930.0,0,6.836259277277067,0
eden_rock_st_barths,St Barthélemy,Caribbean,island,Deluxe Room,37.0,6,0,0,180,900.0,0,6.803505257608338,0
eden_rock_st_barths,St Barthélemy,Caribbean,island,Deluxe Room,37.0,7,1,0,160,930.0,0,6.836259277277067,0
eden_rock_st_barths,St Barthélemy,Caribbean,island,Deluxe Room,37.0,8,1,1,137,1220.0,0,7.107425474110705,0
eden_rock_st_barths,St Barthélemy,Caribbean,island,Deluxe Room,37.0,10,0,1,81,970.0,0,6.878326468291325,0
eden_rock_st_barths,St Barthélemy,Caribbean,island,Deluxe Room,37.0,12,1,0,2,7130.0,1,8.872206756028303,0
eden_rock_st_barths,St Barthélemy,Caribbean,island,Superior Room,37.0,1,0,0,345,6410.0,1,8.765770543987257,0
eden_rock_st_barths,St Barthélemy,Caribbean,island,Superior Room,37.0,2,1,0,315,8150.0,1,9.005895898094458,0
eden_rock_st_barths,St Barthélemy,Caribbean,island,Superior Room,37.0,3,0,0,280,4180.0,1,8.338305731356565,0
eden_rock_st_barths,St Barthélemy,Caribbean,island,Superior Room,37.0,4,1,0,251,1150.0,0,7.048386408721883,0
eden_rock_st_barths,St Barthélemy,Caribbean,island,Superior Room,37.0,5,0,0,229,1510.0,0,7.32052696227274,0
eden_rock_st_barths,St Barthélemy,Caribbean,island,Superior Room,37.0,6,0,0,180,1410.0,0,7.252053951852814,0
eden_rock_st_barths,St Barthélemy,Caribbean,island,Superior Room,37.0,7,1,0,160,1210.0,0,7.099201743553092,0
eden_rock_st_barths,St Barthélemy,Caribbean,island,Superior Room,37.0,8,1,1,137,1610.0,0,7.384610383176974,0
eden_rock_st_barths,St Barthélemy,Caribbean,island,Superior Room,37.0,10,0,1,81,1370.0,0,7.223295679562314,0
eden_rock_st_barths,St Barthélemy,Caribbean,island,Superior Room,37.0,12,1,0,2,9920.0,1,9.202409001649903,0
eden_rock_st_barths,St Barthélemy,Caribbean,island,Junior Suite,37.0,1,0,0,345,9980.0,1,9.208438564686587,0
eden_rock_st_barths,St Barthélemy,Caribbean,island,Junior Suite,37.0,2,1,0,315,10810.0,1,9.288319413292772,0
eden_rock_st_barths,St Barthélemy,Caribbean,island,Junior Suite,37.0,3,0,0,280,5040.0,1,8.525359754082631,0
eden_rock_st_barths,St Barthélemy,Caribbean,island,Junior Suite,37.0,4,1,0,251,2000.0,0,7.601402334583733,0
eden_rock_st_barths,St Barthélemy,Caribbean,island,Junior Suite,37.0,5,0,0,229,1890.0,0,7.544861068658458,0
eden_rock_st_barths,St Barthélemy,Caribbean,island,Junior Suite,37.0,6,0,0,180,1660.0,0,7.415175109613295,0
eden_rock_st_barths,St Barthélemy,Caribbean,island,Junior Suite,37.0,7,1,0,160,1780.0,0,7.484930283289661,0
eden_rock_st_barths,St Barthélemy,Caribbean,island,Junior Suite,37.0,8,1,1,137,1780.0,0,7.484930283289661,0
eden_rock_st_barths,St Barthélemy,Caribbean,island,Junior Suite,37.0,10,0,1,81,1640.0,0,7.403061091090091,0
eden_rock_st_barths,St Barthélemy,Caribbean,island,Junior Suite,37.0,12,1,0,2,11100.0,1,9.314790473332646,0
eden_rock_st_barths,St Barthélemy,Caribbean,island,Suite,37.0,1,0,0,345,13040.0,1,9.475853519656901,0
eden_rock_st_barths,St Barthélemy,Caribbean,island,Suite,37.0,2,1,0,315,15740.0,1,9.664024052354822,0
eden_rock_st_barths,St Barthélemy,Caribbean,island,Suite,37.0,3,0,0,280,6910.0,1,8.840869624091395,0
eden_rock_st_barths,St Barthélemy,Caribbean,island,Suite,37.0,4,1,0,251,2820.0,0,7.944846711001996,0
eden_rock_st_barths,St Barthélemy,Caribbean,island,Suite,37.0,5,0,0,229,2580.0,0,7.855932199718614,0
eden_rock_st_barths,St Barthélemy,Caribbean,island,Suite,37.0,6,0,0,180,2210.0,0,7.701200180857446,0
eden_rock_st_barths,St Barthélemy,Caribbean,island,Suite,37.0,7,1,0,160,2230.0,0,7.7102051944325325,0
eden_rock_st_barths,St Barthélemy,Caribbean,island,Suite,37.0,8,1,1,137,2770.0,0,7.9269635448629785,0
eden_rock_st_barths,St Barthélemy,Caribbean,island,Suite,37.0,10,0,1,81,2760.0,0,7.923348211930154,0
eden_rock_st_barths,St Barthélemy,Caribbean,island,Suite,37.0,12,1,0,2,14670.0,1,9.593628035139645,0
eden_rock_st_barths,St Barthélemy,Caribbean,island,Grand Suite,37.0,1,0,0,345,19990.0,1,9.903037451255743,0
eden_rock_st_barths,St Barthélemy,Caribbean,island,Grand Suite,37.0,2,1,0,315,20710.0,1,9.938420239076152,0
eden_rock_st_barths,St Barthélemy,Caribbean,island,Grand Suite,37.0,3,0,0,280,11350.0,1,9.337061124755339,0
eden_rock_st_barths,St Barthélemy,Caribbean,island,Grand Suite,37.0,4,1,0,251,4100.0,1,8.31898612539206,0
eden_rock_st_barths,St Barthélemy,Caribbean,island,Grand Suite,37.0,5,0,0,229,3700.0,1,8.216358332386156,0
eden_rock_st_barths,St Barthélemy,Caribbean,island,Grand Suite,37.0,6,0,0,180,3800.0,1,8.24301946898925,0
eden_rock_st_barths,St Barthélemy,Caribbean,island,Grand Suite,37.0,7,1,0,160,3400.0,1,8.131824785007195,0
eden_rock_st_barths,St Barthélemy,Caribbean,island,Grand Suite,37.0,8,1,1,137,3360.0,1,8.119993827725105,0
eden_rock_st_barths,St Barthélemy,Caribbean,island,Grand Suite,37.0,10,0,1,81,3680.0,1,8.210939733379021,0
eden_rock_st_barths,St Barthélemy,Caribbean,island,Grand Suite,37.0,12,1,0,2,25360.0,1,10.14096783995039,0
eden_rock_st_barths,St Barthélemy,Caribbean,island,Presidential Suite,37.0,1,0,0,345,27560.0,1,10.224157008939576,0
eden_rock_st_barths,St Barthélemy,Caribbean,island,Presidential Suite,37.0,2,1,0,315,31500.0,1,10.357774570341576,1
eden_rock_st_barths,St Barthélemy,Caribbean,island,Presidential Suite,37.0,3,0,0,280,14750.0,1,9.599066156080049,0
eden_rock_st_barths,St Barthélemy,Caribbean,island,Presidential Suite,37.0,4,1,0,251,5620.0,1,8.634264863002075,0
eden_rock_st_barths,St Barthélemy,Caribbean,island,Presidential Suite,37.0,5,0,0,229,5530.0,1,8.618123909994678,0
eden_rock_st_barths,St Barthélemy,Caribbean,island,Presidential Suite,37.0,6,0,0,180,5260.0,1,8.568076401730806,0
eden_rock_st_barths,St Barthélemy,Caribbean,island,Presidential Suite,37.0,7,1,0,160,5740.0,1,8.655388690167637,0
eden_rock_st_barths,St Barthélemy,Caribbean,island,Presidential Suite,37.0,8,1,1,137,6230.0,1,8.737292112544221,0
eden_rock_st_barths,St Barthélemy,Caribbean,island,Presidential Suite,37.0,10,0,1,81,6460.0,1,8.773539383558166,0
eden_rock_st_barths,St Barthélemy,Caribbean,island,Presidential Suite,37.0,12,1,0,2,38690.0,1,10.563362293832501,1
